{
  "tests": [
    {
      "name": "Submit code",
      "setup": "curl -L https://int-index.gitlab.io/hw-checker/hw-checker --output hw-checker && chmod u+x hw-checker",
      "run": "test -f \"hw0/hw0.cabal\"",
      "input": "",
      "output": "",
      "comparison": "included",
      "timeout": 3,
      "points": 1
    },
    {
      "name": "Task 1",
      "setup": "",
      "run": "./hw-checker -d hw0 -t 1",
      "input": "",
      "output": "",
      "comparison": "included",
      "timeout": 10,
      "points": 1
    },
    {
      "name": "Task 2",
      "setup": "",
      "run": "./hw-checker -d hw0 -t 2",
      "input": "",
      "output": "",
      "comparison": "included",
      "timeout": 10,
      "points": 1
    },
    {
      "name": "Task 3",
      "setup": "",
      "run": "./hw-checker -d hw0 -t 3",
      "input": "",
      "output": "",
      "comparison": "included",
      "timeout": 10,
      "points": 1
    },
    {
      "name": "Task 4",
      "setup": "",
      "run": "./hw-checker -d hw0 -t 4",
      "input": "",
      "output": "",
      "comparison": "included",
      "timeout": 10,
      "points": 1
    },
    {
      "name": "Task 5",
      "setup": "",
      "run": "./hw-checker -d hw0 -t 5",
      "input": "",
      "output": "",
      "comparison": "included",
      "timeout": 10,
      "points": 1
    }
  ]
}